{
  "type": "FeatureCollection",
  "metadata": {
    "source": "osm",
    "dataset_version": "2026-03-15",
    "normalized_at": "2026-03-15T17:43:49.532Z",
    "feature_count": 4
  },
  "features": [
    {
      "type": "Feature",
      "properties": {
        "name": "Localidad Suroriente",
        "source": "osm",
        "dataset_version": "2026-03-15",
        "source_id": "relation/13460108"
      },
      "geometry": {
        "type": "Polygon",
        "coordinates": [
          [
            [
              -74.7974713,
              10.9430193
            ],
            [
              -74.7974405,
              10.9414811
            ],
            [
              -74.7974389,
              10.9409078
            ],
            [
              -74.7974374,
              10.9399096
            ],
            [
              -74.7974343,
              10.9395375
            ],
            [
              -74.7974513,
              10.9386874
            ],
            [
              -74.7973932,
              10.9380557
            ],
            [
              -74.7973382,
              10.9377099
            ],
            [
              -74.7970272,
              10.9365989
            ],
            [
              -74.7966372,
              10.9351865
            ],
            [
              -74.7966542,
              10.9351812
            ],
            [
              -74.7968595,
              10.9351261
            ],
            [
              -74.7976067,
              10.9349151
            ],
            [
              -74.7978354,
              10.9348695
            ],
            [
              -74.7980343,
              10.9348078
            ],
            [
              -74.798249,
              10.9347365
            ],
            [
              -74.7983243,
              10.9347274
            ],
            [
              -74.7990662,
              10.9348567
            ],
            [
              -74.7991067,
              10.9348645
            ],
            [
              -74.7991384,
              10.9348729
            ],
            [
              -74.7991274,
              10.9340863
            ],
            [
              -74.7991209,
              10.9331227
            ],
            [
              -74.7991106,
              10.9319296
            ],
            [
              -74.7991879,
              10.9300479
            ],
            [
              -74.7984637,
              10.9299899
            ],
            [
              -74.7975404,
              10.9298851
            ],
            [
              -74.7975323,
              10.9299523
            ],
            [
              -74.7975015,
              10.9302205
            ],
            [
              -74.7974718,
              10.9304788
            ],
            [
              -74.7974337,
              10.9307493
            ],
            [
              -74.7973973,
              10.9308346
            ],
            [
              -74.7973102,
              10.9309119
            ],
            [
              -74.7972069,
              10.9309733
            ],
            [
              -74.7965403,
              10.9312219
            ],
            [
              -74.795506,
              10.9311078
            ],
            [
              -74.7953526,
              10.9310934
            ],
            [
              -74.7951445,
              10.9310713
            ],
            [
              -74.7949548,
              10.9310102
            ],
            [
              -74.7949155,
              10.9309987
            ],
            [
              -74.7948268,
              10.9310297
            ],
            [
              -74.7948072,
              10.930987
            ],
            [
              -74.794769,
              10.9308805
            ],
            [
              -74.7947604,
              10.930822
            ],
            [
              -74.7947578,
              10.9307776
            ],
            [
              -74.7947449,
              10.9307578
            ],
            [
              -74.7947192,
              10.9307423
            ],
            [
              -74.794579,
              10.9306775
            ],
            [
              -74.7944261,
              10.9306222
            ],
            [
              -74.794345,
              10.9306338
            ],
            [
              -74.7942838,
              10.9306362
            ],
            [
              -74.7942085,
              10.9306614
            ],
            [
              -74.7940449,
              10.9307876
            ],
            [
              -74.793829,
              10.9309243
            ],
            [
              -74.793741,
              10.9309277
            ],
            [
              -74.7935488,
              10.9309586
            ],
            [
              -74.7934039,
              10.9310247
            ],
            [
              -74.7932775,
              10.9311248
            ],
            [
              -74.7931812,
              10.9311766
            ],
            [
              -74.7931383,
              10.9311792
            ],
            [
              -74.7930927,
              10.931171
            ],
            [
              -74.7929427,
              10.9311338
            ],
            [
              -74.7926908,
              10.9310595
            ],
            [
              -74.7926278,
              10.9310565
            ],
            [
              -74.7925007,
              10.9310691
            ],
            [
              -74.7923461,
              10.9310704
            ],
            [
              -74.7922953,
              10.9310953
            ],
            [
              -74.7915434,
              10.9316998
            ],
            [
              -74.7915153,
              10.9317329
            ],
            [
              -74.7912068,
              10.9327587
            ],
            [
              -74.7909239,
              10.9332102
            ],
            [
              -74.7907541,
              10.9334926
            ],
            [
              -74.7907252,
              10.9335252
            ],
            [
              -74.7906877,
              10.9335519
            ],
            [
              -74.7906378,
              10.9335749
            ],
            [
              -74.790402,
              10.9336489
            ],
            [
              -74.7898501,
              10.9337813
            ],
            [
              -74.7895894,
              10.9338439
            ],
            [
              -74.7894201,
              10.9338845
            ],
            [
              -74.7893392,
              10.9338993
            ],
            [
              -74.7892273,
              10.9339084
            ],
            [
              -74.7891627,
              10.9339039
            ],
            [
              -74.789093,
              10.9338893
            ],
            [
              -74.7885692,
              10.9336773
            ],
            [
              -74.7885218,
              10.9336654
            ],
            [
              -74.7884474,
              10.9336632
            ],
            [
              -74.7883644,
              10.9336764
            ],
            [
              -74.7882826,
              10.9337027
            ],
            [
              -74.7880204,
              10.93383
            ],
            [
              -74.7878074,
              10.9339568
            ],
            [
              -74.7875651,
              10.9341041
            ],
            [
              -74.7873105,
              10.9342835
            ],
            [
              -74.7869826,
              10.9345276
            ],
            [
              -74.7868213,
              10.9346234
            ],
            [
              -74.7866241,
              10.9347553
            ],
            [
              -74.7863577,
              10.9348988
            ],
            [
              -74.7859162,
              10.9351635
            ],
            [
              -74.7854865,
              10.9354023
            ],
            [
              -74.7850015,
              10.9356536
            ],
            [
              -74.7847961,
              10.9357567
            ],
            [
              -74.7846294,
              10.9358595
            ],
            [
              -74.784424,
              10.9360147
            ],
            [
              -74.7841018,
              10.9363073
            ],
            [
              -74.7838475,
              10.93652
            ],
            [
              -74.7833999,
              10.9368267
            ],
            [
              -74.7830089,
              10.9370973
            ],
            [
              -74.78269,
              10.9372775
            ],
            [
              -74.7822169,
              10.9375116
            ],
            [
              -74.7820653,
              10.9375805
            ],
            [
              -74.7816011,
              10.9360781
            ],
            [
              -74.7815445,
              10.9359142
            ],
            [
              -74.7812117,
              10.9348222
            ],
            [
              -74.7807677,
              10.9347803
            ],
            [
              -74.7806962,
              10.9348024
            ],
            [
              -74.7803511,
              10.9349091
            ],
            [
              -74.7803087,
              10.9349221
            ],
            [
              -74.7797108,
              10.9350611
            ],
            [
              -74.7796979,
              10.9350665
            ],
            [
              -74.7796517,
              10.9351772
            ],
            [
              -74.7795407,
              10.935446
            ],
            [
              -74.7794776,
              10.9355983
            ],
            [
              -74.7794144,
              10.9357509
            ],
            [
              -74.7792984,
              10.9360308
            ],
            [
              -74.7792835,
              10.9360669
            ],
            [
              -74.7791558,
              10.9363751
            ],
            [
              -74.7791362,
              10.9364343
            ],
            [
              -74.7790294,
              10.9366803
            ],
            [
              -74.7789532,
              10.9368642
            ],
            [
              -74.7789061,
              10.9369778
            ],
            [
              -74.7787821,
              10.9372772
            ],
            [
              -74.7786082,
              10.9376971
            ],
            [
              -74.7786828,
              10.9377267
            ],
            [
              -74.7785772,
              10.937977
            ],
            [
              -74.7785077,
              10.9381465
            ],
            [
              -74.7784474,
              10.9382959
            ],
            [
              -74.7783362,
              10.9385655
            ],
            [
              -74.7783157,
              10.9386158
            ],
            [
              -74.7781791,
              10.9389449
            ],
            [
              -74.7781621,
              10.9389848
            ],
            [
              -74.7780453,
              10.9392494
            ],
            [
              -74.7779831,
              10.9393998
            ],
            [
              -74.777914,
              10.9395663
            ],
            [
              -74.7778126,
              10.9398073
            ],
            [
              -74.7777784,
              10.9398833
            ],
            [
              -74.7776393,
              10.9402154
            ],
            [
              -74.7776974,
              10.940239
            ],
            [
              -74.7775456,
              10.9406469
            ],
            [
              -74.7771746,
              10.9408365
            ],
            [
              -74.7768682,
              10.9409345
            ],
            [
              -74.7767972,
              10.940959
            ],
            [
              -74.7767458,
              10.9409803
            ],
            [
              -74.7767001,
              10.9410076
            ],
            [
              -74.7766403,
              10.9410631
            ],
            [
              -74.776517,
              10.941243
            ],
            [
              -74.7764321,
              10.9413955
            ],
            [
              -74.7763997,
              10.9414917
            ],
            [
              -74.7763789,
              10.9415538
            ],
            [
              -74.7763608,
              10.9416356
            ],
            [
              -74.7763406,
              10.941714
            ],
            [
              -74.7763279,
              10.9417632
            ],
            [
              -74.7763288,
              10.941831
            ],
            [
              -74.7763587,
              10.9419022
            ],
            [
              -74.7763941,
              10.9419753
            ],
            [
              -74.7764274,
              10.9420731
            ],
            [
              -74.7764257,
              10.9421594
            ],
            [
              -74.7764138,
              10.9422336
            ],
            [
              -74.7763711,
              10.9423486
            ],
            [
              -74.7763407,
              10.9423971
            ],
            [
              -74.7763287,
              10.9424163
            ],
            [
              -74.7763022,
              10.9424547
            ],
            [
              -74.7762457,
              10.9425102
            ],
            [
              -74.7761968,
              10.9425411
            ],
            [
              -74.7761714,
              10.9425571
            ],
            [
              -74.7760392,
              10.9426209
            ],
            [
              -74.7759477,
              10.9426569
            ],
            [
              -74.7758943,
              10.9426967
            ],
            [
              -74.7758412,
              10.9427595
            ],
            [
              -74.7757905,
              10.9428352
            ],
            [
              -74.7757554,
              10.9428873
            ],
            [
              -74.7757013,
              10.9429461
            ],
            [
              -74.7756798,
              10.9429648
            ],
            [
              -74.7755248,
              10.9430941
            ],
            [
              -74.775388,
              10.9431752
            ],
            [
              -74.7751955,
              10.943286
            ],
            [
              -74.7749891,
              10.9433861
            ],
            [
              -74.7745869,
              10.9435324
            ],
            [
              -74.7744707,
              10.9435724
            ],
            [
              -74.7743625,
              10.9436216
            ],
            [
              -74.7743118,
              10.9436498
            ],
            [
              -74.774209,
              10.9437244
            ],
            [
              -74.7740115,
              10.9439177
            ],
            [
              -74.7738534,
              10.944021
            ],
            [
              -74.7737369,
              10.9440844
            ],
            [
              -74.77363,
              10.9441377
            ],
            [
              -74.7735348,
              10.9441542
            ],
            [
              -74.7734078,
              10.9441626
            ],
            [
              -74.7729312,
              10.9441378
            ],
            [
              -74.7727619,
              10.944141
            ],
            [
              -74.7725514,
              10.944191
            ],
            [
              -74.7722629,
              10.9442822
            ],
            [
              -74.7721206,
              10.9442533
            ],
            [
              -74.7720481,
              10.9442249
            ],
            [
              -74.7719815,
              10.9441948
            ],
            [
              -74.7718346,
              10.9441623
            ],
            [
              -74.7716267,
              10.9441355
            ],
            [
              -74.7715054,
              10.944129
            ],
            [
              -74.7714101,
              10.9441369
            ],
            [
              -74.7710516,
              10.9441997
            ],
            [
              -74.7709125,
              10.9442275
            ],
            [
              -74.7708243,
              10.9442435
            ],
            [
              -74.7707897,
              10.9442526
            ],
            [
              -74.7706925,
              10.9442783
            ],
            [
              -74.7706542,
              10.9442885
            ],
            [
              -74.7701969,
              10.9444333
            ],
            [
              -74.7700623,
              10.944479
            ],
            [
              -74.7699307,
              10.9445193
            ],
            [
              -74.769833,
              10.9445615
            ],
            [
              -74.7697656,
              10.9446091
            ],
            [
              -74.7697203,
              10.9446562
            ],
            [
              -74.7696753,
              10.9447099
            ],
            [
              -74.7696162,
              10.9448089
            ],
            [
              -74.7696068,
              10.9448562
            ],
            [
              -74.7696069,
              10.9449008
            ],
            [
              -74.7696084,
              10.9450843
            ],
            [
              -74.7695857,
              10.9451461
            ],
            [
              -74.7695362,
              10.9451942
            ],
            [
              -74.7694293,
              10.9452587
            ],
            [
              -74.7693177,
              10.9452727
            ],
            [
              -74.7691505,
              10.9452594
            ],
            [
              -74.7689566,
              10.945197
            ],
            [
              -74.7687624,
              10.9451863
            ],
            [
              -74.768692,
              10.9451989
            ],
            [
              -74.7686565,
              10.9452143
            ],
            [
              -74.768584,
              10.9452541
            ],
            [
              -74.7685294,
              10.94528
            ],
            [
              -74.7684747,
              10.9453059
            ],
            [
              -74.7684075,
              10.9453236
            ],
            [
              -74.7683359,
              10.9453175
            ],
            [
              -74.7683157,
              10.9453157
            ],
            [
              -74.7682988,
              10.9453157
            ],
            [
              -74.7680962,
              10.9453037
            ],
            [
              -74.7679298,
              10.9452944
            ],
            [
              -74.7677866,
              10.945291
            ],
            [
              -74.7676766,
              10.9452769
            ],
            [
              -74.7675437,
              10.9452363
            ],
            [
              -74.7674424,
              10.9451761
            ],
            [
              -74.7673569,
              10.9450901
            ],
            [
              -74.7673183,
              10.9450322
            ],
            [
              -74.7673158,
              10.9450284
            ],
            [
              -74.7672917,
              10.9449954
            ],
            [
              -74.767217,
              10.9448981
            ],
            [
              -74.7671414,
              10.9447949
            ],
            [
              -74.7670488,
              10.9446762
            ],
            [
              -74.7670302,
              10.9446495
            ],
            [
              -74.7669732,
              10.9445677
            ],
            [
              -74.7668915,
              10.9444494
            ],
            [
              -74.7668781,
              10.9444245
            ],
            [
              -74.7668321,
              10.9443583
            ],
            [
              -74.7667374,
              10.9442602
            ],
            [
              -74.7666862,
              10.9442421
            ],
            [
              -74.7666722,
              10.9442372
            ],
            [
              -74.7666137,
              10.944231
            ],
            [
              -74.7665567,
              10.9442371
            ],
            [
              -74.7665116,
              10.9442508
            ],
            [
              -74.7664681,
              10.944273
            ],
            [
              -74.7664164,
              10.9443153
            ],
            [
              -74.7663382,
              10.9444005
            ],
            [
              -74.7662944,
              10.9444468
            ],
            [
              -74.7662536,
              10.9444749
            ],
            [
              -74.7661976,
              10.9444986
            ],
            [
              -74.7661163,
              10.9445101
            ],
            [
              -74.7660754,
              10.9445073
            ],
            [
              -74.7660396,
              10.9444989
            ],
            [
              -74.7659738,
              10.9444656
            ],
            [
              -74.7659709,
              10.944433
            ],
            [
              -74.7659406,
              10.9442201
            ],
            [
              -74.765887,
              10.9442239
            ],
            [
              -74.7658779,
              10.9441077
            ],
            [
              -74.7658032,
              10.9441106
            ],
            [
              -74.7657885,
              10.9439535
            ],
            [
              -74.7657564,
              10.9438907
            ],
            [
              -74.7656286,
              10.9438879
            ],
            [
              -74.7655541,
              10.9438908
            ],
            [
              -74.7655362,
              10.9438798
            ],
            [
              -74.7655244,
              10.9438628
            ],
            [
              -74.7654619,
              10.9436245
            ],
            [
              -74.7653702,
              10.9436515
            ],
            [
              -74.7653274,
              10.9436641
            ],
            [
              -74.7653117,
              10.9436895
            ],
            [
              -74.7651997,
              10.943832
            ],
            [
              -74.7651077,
              10.9439509
            ],
            [
              -74.7650216,
              10.9440601
            ],
            [
              -74.764981,
              10.9441107
            ],
            [
              -74.7649411,
              10.9441523
            ],
            [
              -74.7648795,
              10.9441922
            ],
            [
              -74.764816,
              10.9442245
            ],
            [
              -74.7647715,
              10.9442388
            ],
            [
              -74.7646398,
              10.9442842
            ],
            [
              -74.7646236,
              10.9444057
            ],
            [
              -74.7646104,
              10.9444615
            ],
            [
              -74.7641672,
              10.944801
            ],
            [
              -74.7640089,
              10.9450236
            ],
            [
              -74.7639242,
              10.9451145
            ],
            [
              -74.7638431,
              10.9451617
            ],
            [
              -74.7637052,
              10.9452079
            ],
            [
              -74.7636338,
              10.94522
            ],
            [
              -74.7632045,
              10.945289
            ],
            [
              -74.7629754,
              10.9453258
            ],
            [
              -74.7628818,
              10.9453408
            ],
            [
              -74.7627515,
              10.9453617
            ],
            [
              -74.7626613,
              10.9453708
            ],
            [
              -74.7625005,
              10.9453794
            ],
            [
              -74.7624211,
              10.9453717
            ],
            [
              -74.7623116,
              10.9453474
            ],
            [
              -74.7621819,
              10.9453046
            ],
            [
              -74.7620799,
              10.9452589
            ],
            [
              -74.7617782,
              10.9451117
            ],
            [
              -74.7616847,
              10.9450491
            ],
            [
              -74.7616292,
              10.9450034
            ],
            [
              -74.76158,
              10.9449605
            ],
            [
              -74.7615544,
              10.9449354
            ],
            [
              -74.7615195,
              10.9449016
            ],
            [
              -74.7613149,
              10.9446701
            ],
            [
              -74.7611103,
              10.9444524
            ],
            [
              -74.7609629,
              10.9443313
            ],
            [
              -74.7608114,
              10.9442301
            ],
            [
              -74.7606871,
              10.9441551
            ],
            [
              -74.7605385,
              10.9441201
            ],
            [
              -74.7603486,
              10.9441158
            ],
            [
              -74.7601516,
              10.9441565
            ],
            [
              -74.7600397,
              10.9441966
            ],
            [
              -74.759807,
              10.944311
            ],
            [
              -74.7596088,
              10.9444131
            ],
            [
              -74.7594612,
              10.944614
            ],
            [
              -74.7592914,
              10.9447236
            ],
            [
              -74.7591799,
              10.9448111
            ],
            [
              -74.7590984,
              10.9448839
            ],
            [
              -74.7590134,
              10.94496
            ],
            [
              -74.7588536,
              10.9450664
            ],
            [
              -74.7588229,
              10.9451438
            ],
            [
              -74.7588477,
              10.9452369
            ],
            [
              -74.7588755,
              10.9453195
            ],
            [
              -74.758881,
              10.9454343
            ],
            [
              -74.7588757,
              10.9455501
            ],
            [
              -74.7588975,
              10.9457019
            ],
            [
              -74.7589373,
              10.9458675
            ],
            [
              -74.7590125,
              10.9460557
            ],
            [
              -74.7589991,
              10.9465798
            ],
            [
              -74.7590593,
              10.946881
            ],
            [
              -74.7589502,
              10.9471591
            ],
            [
              -74.7588713,
              10.9483934
            ],
            [
              -74.7588178,
              10.9494108
            ],
            [
              -74.7588287,
              10.949994
            ],
            [
              -74.7588703,
              10.950493
            ],
            [
              -74.7589454,
              10.9508933
            ],
            [
              -74.7588582,
              10.9517346
            ],
            [
              -74.7588354,
              10.9529052
            ],
            [
              -74.758822,
              10.953287
            ],
            [
              -74.7588991,
              10.9534118
            ],
            [
              -74.7589079,
              10.9535372
            ],
            [
              -74.7588897,
              10.9542794
            ],
            [
              -74.7588452,
              10.9558708
            ],
            [
              -74.7587614,
              10.9572654
            ],
            [
              -74.7587214,
              10.957966
            ],
            [
              -74.7587526,
              10.9586808
            ],
            [
              -74.758367,
              10.9606808
            ],
            [
              -74.7582317,
              10.9613016
            ],
            [
              -74.7582293,
              10.9637818
            ],
            [
              -74.758277,
              10.9651795
            ],
            [
              -74.7582516,
              10.9659397
            ],
            [
              -74.7585803,
              10.9684724
            ],
            [
              -74.7584112,
              10.9711906
            ],
            [
              -74.7588044,
              10.9710927
            ],
            [
              -74.7590188,
              10.9708937
            ],
            [
              -74.7590312,
              10.9709187
            ],
            [
              -74.7588543,
              10.9724109
            ],
            [
              -74.7588329,
              10.9725913
            ],
            [
              -74.758994,
              10.9727437
            ],
            [
              -74.7589838,
              10.9728977
            ],
            [
              -74.7591265,
              10.973093
            ],
            [
              -74.7590829,
              10.973416
            ],
            [
              -74.7590303,
              10.9735755
            ],
            [
              -74.7589365,
              10.97386
            ],
            [
              -74.7589311,
              10.9742083
            ],
            [
              -74.759119,
              10.9745463
            ],
            [
              -74.7590345,
              10.9748605
            ],
            [
              -74.7589755,
              10.9749776
            ],
            [
              -74.7593039,
              10.9751535
            ],
            [
              -74.7592875,
              10.9752775
            ],
            [
              -74.7592648,
              10.9754497
            ],
            [
              -74.7593049,
              10.9755574
            ],
            [
              -74.7593265,
              10.9757061
            ],
            [
              -74.7594009,
              10.9760129
            ],
            [
              -74.7593852,
              10.9762756
            ],
            [
              -74.7593181,
              10.9766683
            ],
            [
              -74.7593632,
              10.9769754
            ],
            [
              -74.7604884,
              10.9774728
            ],
            [
              -74.762425,
              10.9778098
            ],
            [
              -74.7630419,
              10.9779204
            ],
            [
              -74.7640182,
              10.977873
            ],
            [
              -74.7651501,
              10.9777098
            ],
            [
              -74.7667165,
              10.9776255
            ],
            [
              -74.7681113,
              10.9776518
            ],
            [
              -74.7685404,
              10.9777361
            ],
            [
              -74.7689106,
              10.9777414
            ],
            [
              -74.7693094,
              10.9776734
            ],
            [
              -74.7691788,
              10.9768514
            ],
            [
              -74.7690715,
              10.9762194
            ],
            [
              -74.7689213,
              10.9749608
            ],
            [
              -74.7690393,
              10.9741971
            ],
            [
              -74.7700492,
              10.9743246
            ],
            [
              -74.7708024,
              10.9744227
            ],
            [
              -74.7719912,
              10.9746464
            ],
            [
              -74.7723802,
              10.9747187
            ],
            [
              -74.7725737,
              10.9747571
            ],
            [
              -74.7742437,
              10.9750882
            ],
            [
              -74.7746069,
              10.9751715
            ],
            [
              -74.7749852,
              10.9752965
            ],
            [
              -74.7767463,
              10.9759921
            ],
            [
              -74.7772866,
              10.9762314
            ],
            [
              -74.7789852,
              10.9769126
            ],
            [
              -74.7903,
              10.980657
            ],
            [
              -74.7903932,
              10.980338
            ],
            [
              -74.7905682,
              10.9796162
            ],
            [
              -74.7910202,
              10.9778387
            ],
            [
              -74.7910689,
              10.9777444
            ],
            [
              -74.7913766,
              10.9769788
            ],
            [
              -74.7916597,
              10.9761832
            ],
            [
              -74.792027,
              10.9752228
            ],
            [
              -74.7922304,
              10.9746376
            ],
            [
              -74.7919041,
              10.9744222
            ],
            [
              -74.7917104,
              10.9742784
            ],
            [
              -74.7915962,
              10.9741943
            ],
            [
              -74.79152,
              10.9741612
            ],
            [
              -74.791278,
              10.9740561
            ],
            [
              -74.7906973,
              10.9738297
            ],
            [
              -74.7890799,
              10.9732244
            ],
            [
              -74.7890126,
              10.9731965
            ],
            [
              -74.7896548,
              10.9708115
            ],
            [
              -74.7898609,
              10.9700533
            ],
            [
              -74.7899264,
              10.9695889
            ],
            [
              -74.7903998,
              10.9679996
            ],
            [
              -74.7898755,
              10.96786
            ],
            [
              -74.7888468,
              10.9675678
            ],
            [
              -74.7880006,
              10.9672985
            ],
            [
              -74.7884528,
              10.9670907
            ],
            [
              -74.7887436,
              10.9668857
            ],
            [
              -74.7889146,
              10.9667764
            ],
            [
              -74.7891513,
              10.9667304
            ],
            [
              -74.7892961,
              10.9666356
            ],
            [
              -74.7894034,
              10.9665355
            ],
            [
              -74.7896636,
              10.9662432
            ],
            [
              -74.7898674,
              10.9659852
            ],
            [
              -74.7899747,
              10.9658482
            ],
            [
              -74.7901034,
              10.9656929
            ],
            [
              -74.7902322,
              10.9655612
            ],
            [
              -74.7905822,
              10.9652572
            ],
            [
              -74.7907253,
              10.9650988
            ],
            [
              -74.790876,
              10.9649931
            ],
            [
              -74.7913865,
              10.9646915
            ],
            [
              -74.7916365,
              10.9645705
            ],
            [
              -74.7922788,
              10.964258
            ],
            [
              -74.792692,
              10.9640789
            ],
            [
              -74.7930315,
              10.9639395
            ],
            [
              -74.7934093,
              10.963753
            ],
            [
              -74.793618,
              10.9636555
            ],
            [
              -74.7941744,
              10.9633861
            ],
            [
              -74.7949951,
              10.9629907
            ],
            [
              -74.7951246,
              10.9629352
            ],
            [
              -74.7956568,
              10.9629332
            ],
            [
              -74.7957012,
              10.9629312
            ],
            [
              -74.7972853,
              10.9628136
            ],
            [
              -74.7978236,
              10.96275
            ],
            [
              -74.7983929,
              10.9625913
            ],
            [
              -74.7989074,
              10.9622692
            ],
            [
              -74.7985324,
              10.9617933
            ],
            [
              -74.7976086,
              10.9607924
            ],
            [
              -74.7964018,
              10.959402
            ],
            [
              -74.7968219,
              10.9590258
            ],
            [
              -74.7983263,
              10.9576791
            ],
            [
              -74.800574,
              10.9556668
            ],
            [
              -74.8003002,
              10.9553235
            ],
            [
              -74.800764,
              10.9549164
            ],
            [
              -74.8013107,
              10.9544366
            ],
            [
              -74.8014098,
              10.9543496
            ],
            [
              -74.8015433,
              10.9542794
            ],
            [
              -74.8019103,
              10.9541264
            ],
            [
              -74.8020106,
              10.954085
            ],
            [
              -74.8021287,
              10.9539934
            ],
            [
              -74.8023666,
              10.9538089
            ],
            [
              -74.8024809,
              10.9534925
            ],
            [
              -74.802608,
              10.953135
            ],
            [
              -74.8026698,
              10.9529784
            ],
            [
              -74.8028262,
              10.9525671
            ],
            [
              -74.8029263,
              10.9523098
            ],
            [
              -74.8030035,
              10.952122
            ],
            [
              -74.8016622,
              10.951533
            ],
            [
              -74.8018628,
              10.9510947
            ],
            [
              -74.8021557,
              10.9507217
            ],
            [
              -74.8026301,
              10.9499404
            ],
            [
              -74.8029263,
              10.9494424
            ],
            [
              -74.8030459,
              10.9491457
            ],
            [
              -74.801923,
              10.9486084
            ],
            [
              -74.8020771,
              10.9482883
            ],
            [
              -74.800916,
              10.9483027
            ],
            [
              -74.8004782,
              10.9483136
            ],
            [
              -74.8004831,
              10.9477924
            ],
            [
              -74.8004878,
              10.9472805
            ],
            [
              -74.8005041,
              10.9455269
            ],
            [
              -74.8005089,
              10.9450076
            ],
            [
              -74.8005222,
              10.9435733
            ],
            [
              -74.8004039,
              10.9435135
            ],
            [
              -74.8002889,
              10.943467
            ],
            [
              -74.80018,
              10.9434382
            ],
            [
              -74.8000575,
              10.9434134
            ],
            [
              -74.7999453,
              10.9433975
            ],
            [
              -74.7998567,
              10.9433894
            ],
            [
              -74.7997789,
              10.9433856
            ],
            [
              -74.7996877,
              10.94339
            ],
            [
              -74.799504,
              10.9433938
            ],
            [
              -74.7994784,
              10.9433986
            ],
            [
              -74.7992635,
              10.9434333
            ],
            [
              -74.7989123,
              10.9435405
            ],
            [
              -74.7989475,
              10.943655
            ],
            [
              -74.7987963,
              10.9437304
            ],
            [
              -74.7987644,
              10.9439012
            ],
            [
              -74.7982197,
              10.9438867
            ],
            [
              -74.7980568,
              10.9438833
            ],
            [
              -74.7977607,
              10.9439495
            ],
            [
              -74.7974138,
              10.9440676
            ],
            [
              -74.7972703,
              10.9441058
            ],
            [
              -74.7974383,
              10.9435458
            ],
            [
              -74.7974713,
              10.9430193
            ]
          ]
        ]
      }
    },
    {
      "type": "Feature",
      "properties": {
        "name": "Localidad Metropolitana",
        "source": "osm",
        "dataset_version": "2026-03-15",
        "source_id": "relation/13460109"
      },
      "geometry": {
        "type": "Polygon",
        "coordinates": [
          [
            [
              -74.7973932,
              10.9380557
            ],
            [
              -74.7974513,
              10.9386874
            ],
            [
              -74.7974343,
              10.9395375
            ],
            [
              -74.7974374,
              10.9399096
            ],
            [
              -74.7974389,
              10.9409078
            ],
            [
              -74.7974405,
              10.9414811
            ],
            [
              -74.7974713,
              10.9430193
            ],
            [
              -74.7974383,
              10.9435458
            ],
            [
              -74.7972703,
              10.9441058
            ],
            [
              -74.7974138,
              10.9440676
            ],
            [
              -74.7977607,
              10.9439495
            ],
            [
              -74.7980568,
              10.9438833
            ],
            [
              -74.7982197,
              10.9438867
            ],
            [
              -74.7987644,
              10.9439012
            ],
            [
              -74.7987963,
              10.9437304
            ],
            [
              -74.7989475,
              10.943655
            ],
            [
              -74.7989123,
              10.9435405
            ],
            [
              -74.7992635,
              10.9434333
            ],
            [
              -74.7994784,
              10.9433986
            ],
            [
              -74.799504,
              10.9433938
            ],
            [
              -74.7996877,
              10.94339
            ],
            [
              -74.7997789,
              10.9433856
            ],
            [
              -74.7998567,
              10.9433894
            ],
            [
              -74.7999453,
              10.9433975
            ],
            [
              -74.8000575,
              10.9434134
            ],
            [
              -74.80018,
              10.9434382
            ],
            [
              -74.8002889,
              10.943467
            ],
            [
              -74.8004039,
              10.9435135
            ],
            [
              -74.8005222,
              10.9435733
            ],
            [
              -74.8005089,
              10.9450076
            ],
            [
              -74.8005041,
              10.9455269
            ],
            [
              -74.8004878,
              10.9472805
            ],
            [
              -74.8004831,
              10.9477924
            ],
            [
              -74.8004782,
              10.9483136
            ],
            [
              -74.800916,
              10.9483027
            ],
            [
              -74.8020771,
              10.9482883
            ],
            [
              -74.801923,
              10.9486084
            ],
            [
              -74.8030459,
              10.9491457
            ],
            [
              -74.8029263,
              10.9494424
            ],
            [
              -74.8026301,
              10.9499404
            ],
            [
              -74.8021557,
              10.9507217
            ],
            [
              -74.8018628,
              10.9510947
            ],
            [
              -74.8016622,
              10.951533
            ],
            [
              -74.8030035,
              10.952122
            ],
            [
              -74.8029263,
              10.9523098
            ],
            [
              -74.8028262,
              10.9525671
            ],
            [
              -74.8026698,
              10.9529784
            ],
            [
              -74.802608,
              10.953135
            ],
            [
              -74.8024809,
              10.9534925
            ],
            [
              -74.8023666,
              10.9538089
            ],
            [
              -74.8021287,
              10.9539934
            ],
            [
              -74.8020106,
              10.954085
            ],
            [
              -74.8019103,
              10.9541264
            ],
            [
              -74.8015433,
              10.9542794
            ],
            [
              -74.8014098,
              10.9543496
            ],
            [
              -74.8013107,
              10.9544366
            ],
            [
              -74.800764,
              10.9549164
            ],
            [
              -74.8003002,
              10.9553235
            ],
            [
              -74.800574,
              10.9556668
            ],
            [
              -74.7983263,
              10.9576791
            ],
            [
              -74.7968219,
              10.9590258
            ],
            [
              -74.7964018,
              10.959402
            ],
            [
              -74.7976086,
              10.9607924
            ],
            [
              -74.7985324,
              10.9617933
            ],
            [
              -74.7989074,
              10.9622692
            ],
            [
              -74.8004016,
              10.961376
            ],
            [
              -74.8007011,
              10.9616634
            ],
            [
              -74.8009057,
              10.9616676
            ],
            [
              -74.8010072,
              10.9616669
            ],
            [
              -74.8012806,
              10.9616807
            ],
            [
              -74.8015952,
              10.9617181
            ],
            [
              -74.8017193,
              10.9617523
            ],
            [
              -74.8018811,
              10.9618422
            ],
            [
              -74.80199,
              10.961947
            ],
            [
              -74.8022466,
              10.9621793
            ],
            [
              -74.8024119,
              10.9622838
            ],
            [
              -74.802574,
              10.9623302
            ],
            [
              -74.8027569,
              10.9623287
            ],
            [
              -74.8029,
              10.9622938
            ],
            [
              -74.8032184,
              10.9621485
            ],
            [
              -74.8036777,
              10.9607224
            ],
            [
              -74.8038396,
              10.9603612
            ],
            [
              -74.804093,
              10.9597959
            ],
            [
              -74.8044488,
              10.9590963
            ],
            [
              -74.8047206,
              10.9587513
            ],
            [
              -74.80534,
              10.957959
            ],
            [
              -74.8060654,
              10.9567507
            ],
            [
              -74.805776,
              10.9565648
            ],
            [
              -74.8060158,
              10.9563082
            ],
            [
              -74.8063364,
              10.9559776
            ],
            [
              -74.8066785,
              10.9556264
            ],
            [
              -74.8069832,
              10.9553054
            ],
            [
              -74.8072096,
              10.9550745
            ],
            [
              -74.8077085,
              10.9545721
            ],
            [
              -74.8083458,
              10.9539385
            ],
            [
              -74.8086799,
              10.9536126
            ],
            [
              -74.8092833,
              10.9530262
            ],
            [
              -74.8099394,
              10.952398
            ],
            [
              -74.8103105,
              10.9519883
            ],
            [
              -74.8106551,
              10.9515996
            ],
            [
              -74.8109031,
              10.9513243
            ],
            [
              -74.8112662,
              10.9509597
            ],
            [
              -74.8116131,
              10.9506231
            ],
            [
              -74.812073,
              10.9501607
            ],
            [
              -74.8124943,
              10.9497549
            ],
            [
              -74.8129364,
              10.9493453
            ],
            [
              -74.8131762,
              10.9491433
            ],
            [
              -74.8135023,
              10.9488466
            ],
            [
              -74.8137669,
              10.9486448
            ],
            [
              -74.8139525,
              10.9485259
            ],
            [
              -74.8144837,
              10.948241
            ],
            [
              -74.8147804,
              10.9481099
            ],
            [
              -74.8152413,
              10.9479364
            ],
            [
              -74.8217695,
              10.9457396
            ],
            [
              -74.8230737,
              10.9452619
            ],
            [
              -74.8246166,
              10.9447694
            ],
            [
              -74.8247125,
              10.9447399
            ],
            [
              -74.8255279,
              10.9444866
            ],
            [
              -74.8259475,
              10.9443825
            ],
            [
              -74.8274763,
              10.9440606
            ],
            [
              -74.8277402,
              10.9439929
            ],
            [
              -74.8287011,
              10.9437933
            ],
            [
              -74.8289506,
              10.9437547
            ],
            [
              -74.8295282,
              10.9436332
            ],
            [
              -74.8303583,
              10.9434595
            ],
            [
              -74.8314013,
              10.9432672
            ],
            [
              -74.8316519,
              10.9432379
            ],
            [
              -74.8319024,
              10.943225
            ],
            [
              -74.8320784,
              10.9432206
            ],
            [
              -74.83227,
              10.9432309
            ],
            [
              -74.8325804,
              10.9432506
            ],
            [
              -74.83371,
              10.9433225
            ],
            [
              -74.8338066,
              10.9424237
            ],
            [
              -74.8339246,
              10.9407647
            ],
            [
              -74.8340246,
              10.9396722
            ],
            [
              -74.8341774,
              10.9383206
            ],
            [
              -74.8342686,
              10.9374674
            ],
            [
              -74.83437,
              10.9363419
            ],
            [
              -74.8344182,
              10.9357716
            ],
            [
              -74.8344021,
              10.9351501
            ],
            [
              -74.8343693,
              10.9348495
            ],
            [
              -74.834327,
              10.9344864
            ],
            [
              -74.8341392,
              10.9336806
            ],
            [
              -74.8339246,
              10.9331117
            ],
            [
              -74.8337369,
              10.9326272
            ],
            [
              -74.8335501,
              10.932273
            ],
            [
              -74.8334257,
              10.9320373
            ],
            [
              -74.833077,
              10.9314948
            ],
            [
              -74.8325031,
              10.9307837
            ],
            [
              -74.8319505,
              10.9302675
            ],
            [
              -74.8311298,
              10.929646
            ],
            [
              -74.8304753,
              10.9292931
            ],
            [
              -74.8297097,
              10.9289091
            ],
            [
              -74.8288462,
              10.928524
            ],
            [
              -74.8275251,
              10.9279103
            ],
            [
              -74.8277436,
              10.9274739
            ],
            [
              -74.8279081,
              10.9269828
            ],
            [
              -74.8279654,
              10.9268075
            ],
            [
              -74.8279856,
              10.9266378
            ],
            [
              -74.8284261,
              10.9260907
            ],
            [
              -74.8286675,
              10.9256272
            ],
            [
              -74.828528,
              10.9254059
            ],
            [
              -74.8282813,
              10.9252848
            ],
            [
              -74.8281579,
              10.9249424
            ],
            [
              -74.8282544,
              10.9245579
            ],
            [
              -74.8285334,
              10.9240154
            ],
            [
              -74.8293434,
              10.9218032
            ],
            [
              -74.8263286,
              10.9211561
            ],
            [
              -74.8258097,
              10.9210512
            ],
            [
              -74.8257776,
              10.9211537
            ],
            [
              -74.8256091,
              10.9211582
            ],
            [
              -74.8251822,
              10.9210963
            ],
            [
              -74.8248611,
              10.9210185
            ],
            [
              -74.8247655,
              10.9210045
            ],
            [
              -74.8245602,
              10.9209087
            ],
            [
              -74.8241862,
              10.9207351
            ],
            [
              -74.8241029,
              10.9207031
            ],
            [
              -74.8240256,
              10.9206892
            ],
            [
              -74.8233792,
              10.9208668
            ],
            [
              -74.8232694,
              10.9209127
            ],
            [
              -74.8225091,
              10.9231358
            ],
            [
              -74.8224916,
              10.9238466
            ],
            [
              -74.8224672,
              10.9252759
            ],
            [
              -74.8224712,
              10.9255416
            ],
            [
              -74.8207446,
              10.9247274
            ],
            [
              -74.820667,
              10.9245828
            ],
            [
              -74.8205573,
              10.9243785
            ],
            [
              -74.8197906,
              10.9240145
            ],
            [
              -74.8197415,
              10.9239912
            ],
            [
              -74.8185215,
              10.923412
            ],
            [
              -74.817961,
              10.9231038
            ],
            [
              -74.8175184,
              10.9228852
            ],
            [
              -74.8172837,
              10.9227873
            ],
            [
              -74.816883,
              10.9226412
            ],
            [
              -74.8164239,
              10.9225184
            ],
            [
              -74.8160725,
              10.9224403
            ],
            [
              -74.8152581,
              10.9223397
            ],
            [
              -74.8147602,
              10.9223308
            ],
            [
              -74.8139426,
              10.9223968
            ],
            [
              -74.8125871,
              10.922442
            ],
            [
              -74.8121792,
              10.9224672
            ],
            [
              -74.811758,
              10.9224889
            ],
            [
              -74.8113578,
              10.9225118
            ],
            [
              -74.8108587,
              10.9225362
            ],
            [
              -74.8108429,
              10.9222974
            ],
            [
              -74.8105651,
              10.9223067
            ],
            [
              -74.8105608,
              10.9222102
            ],
            [
              -74.8102882,
              10.9222233
            ],
            [
              -74.8097157,
              10.9222534
            ],
            [
              -74.8097004,
              10.9219706
            ],
            [
              -74.809406,
              10.9219824
            ],
            [
              -74.8093755,
              10.9219835
            ],
            [
              -74.8093692,
              10.9218615
            ],
            [
              -74.8086488,
              10.9217397
            ],
            [
              -74.808493,
              10.9217171
            ],
            [
              -74.8083676,
              10.9217087
            ],
            [
              -74.8083669,
              10.9216858
            ],
            [
              -74.8080752,
              10.9216915
            ],
            [
              -74.8080134,
              10.9216926
            ],
            [
              -74.8077751,
              10.921698
            ],
            [
              -74.8077404,
              10.9217009
            ],
            [
              -74.8074859,
              10.9217155
            ],
            [
              -74.8074623,
              10.9217167
            ],
            [
              -74.807212,
              10.921764
            ],
            [
              -74.8068972,
              10.9218566
            ],
            [
              -74.8066215,
              10.9219466
            ],
            [
              -74.8061285,
              10.9221073
            ],
            [
              -74.8059239,
              10.9221741
            ],
            [
              -74.8058427,
              10.9222006
            ],
            [
              -74.8055579,
              10.9222935
            ],
            [
              -74.8052555,
              10.9224412
            ],
            [
              -74.805178,
              10.9224514
            ],
            [
              -74.804891,
              10.9223209
            ],
            [
              -74.8045913,
              10.9221847
            ],
            [
              -74.8043124,
              10.9220578
            ],
            [
              -74.8042636,
              10.9220371
            ],
            [
              -74.8040727,
              10.9219907
            ],
            [
              -74.8039625,
              10.9219639
            ],
            [
              -74.8037234,
              10.9219058
            ],
            [
              -74.803683,
              10.9218959
            ],
            [
              -74.8034374,
              10.9218363
            ],
            [
              -74.8031649,
              10.9217866
            ],
            [
              -74.8028893,
              10.921748
            ],
            [
              -74.8028129,
              10.9217401
            ],
            [
              -74.8026148,
              10.9217238
            ],
            [
              -74.8024246,
              10.9217148
            ],
            [
              -74.8023314,
              10.9217373
            ],
            [
              -74.8020442,
              10.921795
            ],
            [
              -74.8018375,
              10.9218225
            ],
            [
              -74.8015749,
              10.9218405
            ],
            [
              -74.8015448,
              10.9218415
            ],
            [
              -74.80125,
              10.9218377
            ],
            [
              -74.8009815,
              10.9218141
            ],
            [
              -74.8009307,
              10.9218072
            ],
            [
              -74.8006823,
              10.9217648
            ],
            [
              -74.8006238,
              10.9217521
            ],
            [
              -74.8004222,
              10.9217137
            ],
            [
              -74.8001309,
              10.9216152
            ],
            [
              -74.7998102,
              10.9215065
            ],
            [
              -74.7993398,
              10.921347
            ],
            [
              -74.799296,
              10.9213321
            ],
            [
              -74.7992325,
              10.9213213
            ],
            [
              -74.7990858,
              10.9213189
            ],
            [
              -74.7990382,
              10.9213181
            ],
            [
              -74.7987727,
              10.9213137
            ],
            [
              -74.7983334,
              10.9213228
            ],
            [
              -74.798348,
              10.9217518
            ],
            [
              -74.7983532,
              10.9220505
            ],
            [
              -74.7983011,
              10.9220951
            ],
            [
              -74.7981768,
              10.92235
            ],
            [
              -74.7981029,
              10.9226079
            ],
            [
              -74.7980537,
              10.9228926
            ],
            [
              -74.7980147,
              10.9230012
            ],
            [
              -74.7979837,
              10.9230529
            ],
            [
              -74.7979205,
              10.9231244
            ],
            [
              -74.7978663,
              10.9231579
            ],
            [
              -74.7977991,
              10.9231892
            ],
            [
              -74.7977406,
              10.9232145
            ],
            [
              -74.7976658,
              10.9232351
            ],
            [
              -74.7974611,
              10.9232743
            ],
            [
              -74.7973797,
              10.9232986
            ],
            [
              -74.7971226,
              10.9234172
            ],
            [
              -74.797125,
              10.9235041
            ],
            [
              -74.7971288,
              10.9236027
            ],
            [
              -74.7971382,
              10.9237088
            ],
            [
              -74.797147,
              10.9237761
            ],
            [
              -74.7973169,
              10.9237709
            ],
            [
              -74.7975027,
              10.9237726
            ],
            [
              -74.7976142,
              10.92379
            ],
            [
              -74.7977168,
              10.9238438
            ],
            [
              -74.7978053,
              10.9239064
            ],
            [
              -74.7978637,
              10.9239585
            ],
            [
              -74.7979168,
              10.9240263
            ],
            [
              -74.7980053,
              10.9241966
            ],
            [
              -74.7980689,
              10.924356
            ],
            [
              -74.7980946,
              10.9244641
            ],
            [
              -74.7979555,
              10.9245023
            ],
            [
              -74.7978904,
              10.9245462
            ],
            [
              -74.7978742,
              10.9245847
            ],
            [
              -74.7978518,
              10.9248585
            ],
            [
              -74.7978308,
              10.9251276
            ],
            [
              -74.797814,
              10.9253973
            ],
            [
              -74.7978102,
              10.9256626
            ],
            [
              -74.7978069,
              10.9258401
            ],
            [
              -74.7977747,
              10.925936
            ],
            [
              -74.7977429,
              10.9259731
            ],
            [
              -74.7977289,
              10.9260317
            ],
            [
              -74.7977149,
              10.9260903
            ],
            [
              -74.797715,
              10.926209
            ],
            [
              -74.7977152,
              10.9264105
            ],
            [
              -74.7974157,
              10.9264305
            ],
            [
              -74.7970299,
              10.9265225
            ],
            [
              -74.7970364,
              10.9267321
            ],
            [
              -74.7970395,
              10.9270626
            ],
            [
              -74.7967692,
              10.9271098
            ],
            [
              -74.7967745,
              10.9271468
            ],
            [
              -74.7968055,
              10.9273573
            ],
            [
              -74.7968199,
              10.9274552
            ],
            [
              -74.7968196,
              10.9275015
            ],
            [
              -74.7968154,
              10.9276237
            ],
            [
              -74.7968006,
              10.9277606
            ],
            [
              -74.7966951,
              10.9280704
            ],
            [
              -74.7966264,
              10.9282408
            ],
            [
              -74.7963538,
              10.9283514
            ],
            [
              -74.7957988,
              10.9285766
            ],
            [
              -74.7956915,
              10.9286443
            ],
            [
              -74.7956218,
              10.9287277
            ],
            [
              -74.7951657,
              10.9294944
            ],
            [
              -74.7949927,
              10.9298046
            ],
            [
              -74.7949482,
              10.9298723
            ],
            [
              -74.7948696,
              10.9299461
            ],
            [
              -74.7948241,
              10.9300002
            ],
            [
              -74.7948116,
              10.9300329
            ],
            [
              -74.7947991,
              10.9300787
            ],
            [
              -74.7947755,
              10.9302152
            ],
            [
              -74.7947507,
              10.930307
            ],
            [
              -74.7947076,
              10.930423
            ],
            [
              -74.7946624,
              10.9305076
            ],
            [
              -74.7946286,
              10.9305487
            ],
            [
              -74.794584,
              10.9305876
            ],
            [
              -74.7945232,
              10.9306093
            ],
            [
              -74.7944261,
              10.9306222
            ],
            [
              -74.794579,
              10.9306775
            ],
            [
              -74.7947192,
              10.9307423
            ],
            [
              -74.7947449,
              10.9307578
            ],
            [
              -74.7947578,
              10.9307776
            ],
            [
              -74.7947604,
              10.930822
            ],
            [
              -74.794769,
              10.9308805
            ],
            [
              -74.7948072,
              10.930987
            ],
            [
              -74.7948268,
              10.9310297
            ],
            [
              -74.7949155,
              10.9309987
            ],
            [
              -74.7949548,
              10.9310102
            ],
            [
              -74.7951445,
              10.9310713
            ],
            [
              -74.7953526,
              10.9310934
            ],
            [
              -74.795506,
              10.9311078
            ],
            [
              -74.7965403,
              10.9312219
            ],
            [
              -74.7972069,
              10.9309733
            ],
            [
              -74.7973102,
              10.9309119
            ],
            [
              -74.7973973,
              10.9308346
            ],
            [
              -74.7974337,
              10.9307493
            ],
            [
              -74.7974718,
              10.9304788
            ],
            [
              -74.7975015,
              10.9302205
            ],
            [
              -74.7975323,
              10.9299523
            ],
            [
              -74.7975404,
              10.9298851
            ],
            [
              -74.7984637,
              10.9299899
            ],
            [
              -74.7991879,
              10.9300479
            ],
            [
              -74.7991106,
              10.9319296
            ],
            [
              -74.7991209,
              10.9331227
            ],
            [
              -74.7991274,
              10.9340863
            ],
            [
              -74.7991384,
              10.9348729
            ],
            [
              -74.7991067,
              10.9348645
            ],
            [
              -74.7990662,
              10.9348567
            ],
            [
              -74.7983243,
              10.9347274
            ],
            [
              -74.798249,
              10.9347365
            ],
            [
              -74.7980343,
              10.9348078
            ],
            [
              -74.7978354,
              10.9348695
            ],
            [
              -74.7976067,
              10.9349151
            ],
            [
              -74.7968595,
              10.9351261
            ],
            [
              -74.7966542,
              10.9351812
            ],
            [
              -74.7966372,
              10.9351865
            ],
            [
              -74.7970272,
              10.9365989
            ],
            [
              -74.7973382,
              10.9377099
            ],
            [
              -74.7973932,
              10.9380557
            ]
          ]
        ]
      }
    },
    {
      "type": "Feature",
      "properties": {
        "name": "Localidad Suroccidente",
        "source": "osm",
        "dataset_version": "2026-03-15",
        "source_id": "relation/13466464"
      },
      "geometry": {
        "type": "Polygon",
        "coordinates": [
          [
            [
              -74.8494808,
              10.9786093
            ],
            [
              -74.8496683,
              10.9785241
            ],
            [
              -74.850364,
              10.9781866
            ],
            [
              -74.8504833,
              10.978127
            ],
            [
              -74.8531886,
              10.9768156
            ],
            [
              -74.8577889,
              10.9746021
            ],
            [
              -74.8616102,
              10.9727472
            ],
            [
              -74.8644888,
              10.9713525
            ],
            [
              -74.8699831,
              10.9686961
            ],
            [
              -74.8734724,
              10.9670204
            ],
            [
              -74.8769233,
              10.9653633
            ],
            [
              -74.880044,
              10.9638465
            ],
            [
              -74.8834916,
              10.9622073
            ],
            [
              -74.8865893,
              10.9607487
            ],
            [
              -74.8885641,
              10.9597866
            ],
            [
              -74.8900315,
              10.9590833
            ],
            [
              -74.8916844,
              10.9582876
            ],
            [
              -74.8931768,
              10.9575667
            ],
            [
              -74.8944937,
              10.9569304
            ],
            [
              -74.8952848,
              10.9565747
            ],
            [
              -74.8960689,
              10.9561798
            ],
            [
              -74.8984885,
              10.9550092
            ],
            [
              -74.9006755,
              10.9539542
            ],
            [
              -74.9027344,
              10.9529579
            ],
            [
              -74.9028775,
              10.9528929
            ],
            [
              -74.9044915,
              10.952106
            ],
            [
              -74.9048073,
              10.9519547
            ],
            [
              -74.9074275,
              10.9506993
            ],
            [
              -74.9076907,
              10.9505717
            ],
            [
              -74.9068624,
              10.9505917
            ],
            [
              -74.9061168,
              10.950521
            ],
            [
              -74.9054554,
              10.9503987
            ],
            [
              -74.904699,
              10.9501746
            ],
            [
              -74.9031861,
              10.9501683
            ],
            [
              -74.9022159,
              10.9500246
            ],
            [
              -74.9007043,
              10.9498205
            ],
            [
              -74.8997038,
              10.9497138
            ],
            [
              -74.8989892,
              10.9498539
            ],
            [
              -74.8988487,
              10.9497957
            ],
            [
              -74.8986716,
              10.9497794
            ],
            [
              -74.8986047,
              10.9498638
            ],
            [
              -74.8976893,
              10.9500132
            ],
            [
              -74.8972753,
              10.9501262
            ],
            [
              -74.8968534,
              10.9502347
            ],
            [
              -74.8964556,
              10.9502211
            ],
            [
              -74.8958015,
              10.9501666
            ],
            [
              -74.8953967,
              10.9502365
            ],
            [
              -74.8949492,
              10.9503545
            ],
            [
              -74.8937627,
              10.9505611
            ],
            [
              -74.8933705,
              10.9504579
            ],
            [
              -74.8930637,
              10.950476
            ],
            [
              -74.8926812,
              10.9504782
            ],
            [
              -74.8922604,
              10.9504768
            ],
            [
              -74.8921907,
              10.9497729
            ],
            [
              -74.8921827,
              10.9494725
            ],
            [
              -74.8921653,
              10.9488162
            ],
            [
              -74.8922609,
              10.9483647
            ],
            [
              -74.8923499,
              10.9479777
            ],
            [
              -74.8923737,
              10.9477515
            ],
            [
              -74.8923684,
              10.9476159
            ],
            [
              -74.8922647,
              10.9472761
            ],
            [
              -74.8921821,
              10.9470009
            ],
            [
              -74.8921449,
              10.9467779
            ],
            [
              -74.8921131,
              10.94661
            ],
            [
              -74.8921307,
              10.9461508
            ],
            [
              -74.892145,
              10.9460209
            ],
            [
              -74.8921325,
              10.9459432
            ],
            [
              -74.8921085,
              10.9459136
            ],
            [
              -74.8895763,
              10.9458354
            ],
            [
              -74.8883754,
              10.9457736
            ],
            [
              -74.8865519,
              10.9456934
            ],
            [
              -74.8837572,
              10.9455047
            ],
            [
              -74.8811057,
              10.9453558
            ],
            [
              -74.8792181,
              10.945234
            ],
            [
              -74.8775526,
              10.9451056
            ],
            [
              -74.8777161,
              10.9449639
            ],
            [
              -74.8778866,
              10.9447907
            ],
            [
              -74.8780766,
              10.9445596
            ],
            [
              -74.8775762,
              10.9443783
            ],
            [
              -74.8770265,
              10.9440281
            ],
            [
              -74.8754045,
              10.9429185
            ],
            [
              -74.8740573,
              10.9420892
            ],
            [
              -74.8725468,
              10.9411698
            ],
            [
              -74.8711816,
              10.940302
            ],
            [
              -74.8675694,
              10.9388845
            ],
            [
              -74.8659898,
              10.9385658
            ],
            [
              -74.8646196,
              10.9383165
            ],
            [
              -74.8638821,
              10.9381722
            ],
            [
              -74.860865,
              10.9374737
            ],
            [
              -74.8592218,
              10.9370094
            ],
            [
              -74.8587576,
              10.9368663
            ],
            [
              -74.858134,
              10.9366741
            ],
            [
              -74.8579211,
              10.9368444
            ],
            [
              -74.8576194,
              10.9370492
            ],
            [
              -74.8573014,
              10.9372026
            ],
            [
              -74.8567625,
              10.9374165
            ],
            [
              -74.8555394,
              10.9378192
            ],
            [
              -74.8548069,
              10.9380412
            ],
            [
              -74.8536526,
              10.9383695
            ],
            [
              -74.8525137,
              10.9386367
            ],
            [
              -74.8518105,
              10.9386834
            ],
            [
              -74.8511726,
              10.9387387
            ],
            [
              -74.8501845,
              10.9388243
            ],
            [
              -74.8500361,
              10.9388523
            ],
            [
              -74.8497902,
              10.9389002
            ],
            [
              -74.8496154,
              10.9389481
            ],
            [
              -74.8494446,
              10.939012
            ],
            [
              -74.8487311,
              10.939443
            ],
            [
              -74.8473753,
              10.9403012
            ],
            [
              -74.8464423,
              10.9408022
            ],
            [
              -74.8450255,
              10.9415466
            ],
            [
              -74.8442347,
              10.9419597
            ],
            [
              -74.8438099,
              10.9421633
            ],
            [
              -74.8435253,
              10.9422831
            ],
            [
              -74.8425729,
              10.9425579
            ],
            [
              -74.841846,
              10.9427699
            ],
            [
              -74.8405291,
              10.9431663
            ],
            [
              -74.8392188,
              10.9435402
            ],
            [
              -74.8388084,
              10.9436548
            ],
            [
              -74.8385804,
              10.943693
            ],
            [
              -74.8383216,
              10.9437088
            ],
            [
              -74.8381499,
              10.9437048
            ],
            [
              -74.8362216,
              10.943533
            ],
            [
              -74.8359934,
              10.9435271
            ],
            [
              -74.8351754,
              10.943452
            ],
            [
              -74.8345075,
              10.9434006
            ],
            [
              -74.8343599,
              10.9433874
            ],
            [
              -74.83371,
              10.9433225
            ],
            [
              -74.8325804,
              10.9432506
            ],
            [
              -74.83227,
              10.9432309
            ],
            [
              -74.8320784,
              10.9432206
            ],
            [
              -74.8319024,
              10.943225
            ],
            [
              -74.8316519,
              10.9432379
            ],
            [
              -74.8314013,
              10.9432672
            ],
            [
              -74.8303583,
              10.9434595
            ],
            [
              -74.8295282,
              10.9436332
            ],
            [
              -74.8289506,
              10.9437547
            ],
            [
              -74.8287011,
              10.9437933
            ],
            [
              -74.8277402,
              10.9439929
            ],
            [
              -74.8274763,
              10.9440606
            ],
            [
              -74.8259475,
              10.9443825
            ],
            [
              -74.8255279,
              10.9444866
            ],
            [
              -74.8247125,
              10.9447399
            ],
            [
              -74.8246166,
              10.9447694
            ],
            [
              -74.8230737,
              10.9452619
            ],
            [
              -74.8217695,
              10.9457396
            ],
            [
              -74.8152413,
              10.9479364
            ],
            [
              -74.8147804,
              10.9481099
            ],
            [
              -74.8144837,
              10.948241
            ],
            [
              -74.8139525,
              10.9485259
            ],
            [
              -74.8137669,
              10.9486448
            ],
            [
              -74.8135023,
              10.9488466
            ],
            [
              -74.8131762,
              10.9491433
            ],
            [
              -74.8129364,
              10.9493453
            ],
            [
              -74.8124943,
              10.9497549
            ],
            [
              -74.812073,
              10.9501607
            ],
            [
              -74.8116131,
              10.9506231
            ],
            [
              -74.8112662,
              10.9509597
            ],
            [
              -74.8109031,
              10.9513243
            ],
            [
              -74.8106551,
              10.9515996
            ],
            [
              -74.8103105,
              10.9519883
            ],
            [
              -74.8099394,
              10.952398
            ],
            [
              -74.8092833,
              10.9530262
            ],
            [
              -74.8086799,
              10.9536126
            ],
            [
              -74.8083458,
              10.9539385
            ],
            [
              -74.8077085,
              10.9545721
            ],
            [
              -74.8072096,
              10.9550745
            ],
            [
              -74.8069832,
              10.9553054
            ],
            [
              -74.8066785,
              10.9556264
            ],
            [
              -74.8063364,
              10.9559776
            ],
            [
              -74.8060158,
              10.9563082
            ],
            [
              -74.805776,
              10.9565648
            ],
            [
              -74.8060654,
              10.9567507
            ],
            [
              -74.80534,
              10.957959
            ],
            [
              -74.8047206,
              10.9587513
            ],
            [
              -74.8044488,
              10.9590963
            ],
            [
              -74.804093,
              10.9597959
            ],
            [
              -74.8038396,
              10.9603612
            ],
            [
              -74.8036777,
              10.9607224
            ],
            [
              -74.8032184,
              10.9621485
            ],
            [
              -74.8029,
              10.9622938
            ],
            [
              -74.8027569,
              10.9623287
            ],
            [
              -74.802574,
              10.9623302
            ],
            [
              -74.8024119,
              10.9622838
            ],
            [
              -74.8022466,
              10.9621793
            ],
            [
              -74.80199,
              10.961947
            ],
            [
              -74.8018811,
              10.9618422
            ],
            [
              -74.8017193,
              10.9617523
            ],
            [
              -74.8015952,
              10.9617181
            ],
            [
              -74.8012806,
              10.9616807
            ],
            [
              -74.8010072,
              10.9616669
            ],
            [
              -74.8009057,
              10.9616676
            ],
            [
              -74.8007011,
              10.9616634
            ],
            [
              -74.8004016,
              10.961376
            ],
            [
              -74.7989074,
              10.9622692
            ],
            [
              -74.7983929,
              10.9625913
            ],
            [
              -74.7978236,
              10.96275
            ],
            [
              -74.7972853,
              10.9628136
            ],
            [
              -74.7957012,
              10.9629312
            ],
            [
              -74.7956568,
              10.9629332
            ],
            [
              -74.7951246,
              10.9629352
            ],
            [
              -74.7949951,
              10.9629907
            ],
            [
              -74.7941744,
              10.9633861
            ],
            [
              -74.793618,
              10.9636555
            ],
            [
              -74.7934093,
              10.963753
            ],
            [
              -74.7930315,
              10.9639395
            ],
            [
              -74.792692,
              10.9640789
            ],
            [
              -74.7922788,
              10.964258
            ],
            [
              -74.7916365,
              10.9645705
            ],
            [
              -74.7913865,
              10.9646915
            ],
            [
              -74.790876,
              10.9649931
            ],
            [
              -74.7907253,
              10.9650988
            ],
            [
              -74.7905822,
              10.9652572
            ],
            [
              -74.7902322,
              10.9655612
            ],
            [
              -74.7901034,
              10.9656929
            ],
            [
              -74.7899747,
              10.9658482
            ],
            [
              -74.7898674,
              10.9659852
            ],
            [
              -74.7896636,
              10.9662432
            ],
            [
              -74.7894034,
              10.9665355
            ],
            [
              -74.7892961,
              10.9666356
            ],
            [
              -74.7891513,
              10.9667304
            ],
            [
              -74.7889146,
              10.9667764
            ],
            [
              -74.7887436,
              10.9668857
            ],
            [
              -74.7884528,
              10.9670907
            ],
            [
              -74.7880006,
              10.9672985
            ],
            [
              -74.7888468,
              10.9675678
            ],
            [
              -74.7898755,
              10.96786
            ],
            [
              -74.7903998,
              10.9679996
            ],
            [
              -74.7899264,
              10.9695889
            ],
            [
              -74.7898609,
              10.9700533
            ],
            [
              -74.7896548,
              10.9708115
            ],
            [
              -74.7890126,
              10.9731965
            ],
            [
              -74.7890799,
              10.9732244
            ],
            [
              -74.7906973,
              10.9738297
            ],
            [
              -74.791278,
              10.9740561
            ],
            [
              -74.79152,
              10.9741612
            ],
            [
              -74.7915962,
              10.9741943
            ],
            [
              -74.7917104,
              10.9742784
            ],
            [
              -74.7919041,
              10.9744222
            ],
            [
              -74.7922304,
              10.9746376
            ],
            [
              -74.792027,
              10.9752228
            ],
            [
              -74.7916597,
              10.9761832
            ],
            [
              -74.7913766,
              10.9769788
            ],
            [
              -74.7910689,
              10.9777444
            ],
            [
              -74.7910202,
              10.9778387
            ],
            [
              -74.7905682,
              10.9796162
            ],
            [
              -74.7914198,
              10.9798505
            ],
            [
              -74.7916638,
              10.9789462
            ],
            [
              -74.7922931,
              10.9791133
            ],
            [
              -74.7931115,
              10.9793293
            ],
            [
              -74.793879,
              10.9795046
            ],
            [
              -74.7939193,
              10.9791939
            ],
            [
              -74.7940534,
              10.9786619
            ],
            [
              -74.7945353,
              10.9788136
            ],
            [
              -74.7951155,
              10.9789806
            ],
            [
              -74.7953394,
              10.9790526
            ],
            [
              -74.7955821,
              10.9791062
            ],
            [
              -74.7959495,
              10.9791362
            ],
            [
              -74.7958845,
              10.9792156
            ],
            [
              -74.7956529,
              10.9795792
            ],
            [
              -74.7957718,
              10.979483
            ],
            [
              -74.7958967,
              10.9794096
            ],
            [
              -74.7960811,
              10.979373
            ],
            [
              -74.7962269,
              10.9793786
            ],
            [
              -74.7964518,
              10.9793623
            ],
            [
              -74.7966682,
              10.9792442
            ],
            [
              -74.7968509,
              10.979057
            ],
            [
              -74.7973993,
              10.9791691
            ],
            [
              -74.7977888,
              10.9793073
            ],
            [
              -74.7982412,
              10.9794675
            ],
            [
              -74.7985939,
              10.9795878
            ],
            [
              -74.7990322,
              10.9797528
            ],
            [
              -74.7998543,
              10.9801133
            ],
            [
              -74.8006828,
              10.9804723
            ],
            [
              -74.8009446,
              10.9799188
            ],
            [
              -74.8012232,
              10.979361
            ],
            [
              -74.8018671,
              10.9796305
            ],
            [
              -74.8025269,
              10.9798991
            ],
            [
              -74.801998,
              10.9810854
            ],
            [
              -74.8026095,
              10.9813175
            ],
            [
              -74.8032922,
              10.9816089
            ],
            [
              -74.803583,
              10.9816757
            ],
            [
              -74.803683,
              10.9817042
            ],
            [
              -74.8039847,
              10.9817904
            ],
            [
              -74.8043401,
              10.9818687
            ],
            [
              -74.8047344,
              10.9819628
            ],
            [
              -74.8050076,
              10.9820276
            ],
            [
              -74.8051281,
              10.9820537
            ],
            [
              -74.8054235,
              10.9822156
            ],
            [
              -74.8047662,
              10.9837293
            ],
            [
              -74.805037,
              10.9837894
            ],
            [
              -74.8061979,
              10.9840239
            ],
            [
              -74.8074471,
              10.9844223
            ],
            [
              -74.8080845,
              10.9846066
            ],
            [
              -74.8082058,
              10.984639
            ],
            [
              -74.8089938,
              10.9848647
            ],
            [
              -74.8096733,
              10.9850579
            ],
            [
              -74.809778,
              10.9850872
            ],
            [
              -74.8110901,
              10.9854128
            ],
            [
              -74.8111093,
              10.9854722
            ],
            [
              -74.8111698,
              10.9854868
            ],
            [
              -74.8117508,
              10.9856358
            ],
            [
              -74.8122141,
              10.9856846
            ],
            [
              -74.8126304,
              10.9856525
            ],
            [
              -74.8146823,
              10.9862146
            ],
            [
              -74.8150929,
              10.9863496
            ],
            [
              -74.8160934,
              10.9866073
            ],
            [
              -74.8162158,
              10.9866412
            ],
            [
              -74.8165929,
              10.986738
            ],
            [
              -74.817716,
              10.9870458
            ],
            [
              -74.8179151,
              10.9871009
            ],
            [
              -74.8181206,
              10.9871541
            ],
            [
              -74.8181628,
              10.9871666
            ],
            [
              -74.8182193,
              10.9871818
            ],
            [
              -74.8188095,
              10.9873541
            ],
            [
              -74.8188927,
              10.9873717
            ],
            [
              -74.8190445,
              10.9873889
            ],
            [
              -74.8192307,
              10.9874057
            ],
            [
              -74.8194886,
              10.9873323
            ],
            [
              -74.8196277,
              10.9872815
            ],
            [
              -74.8197564,
              10.9872039
            ],
            [
              -74.8200643,
              10.9870047
            ],
            [
              -74.8210066,
              10.9863576
            ],
            [
              -74.8211081,
              10.9862943
            ],
            [
              -74.8211593,
              10.9862625
            ],
            [
              -74.8217738,
              10.9858905
            ],
            [
              -74.8221279,
              10.9856595
            ],
            [
              -74.8228493,
              10.9851755
            ],
            [
              -74.8230502,
              10.9850843
            ],
            [
              -74.8232428,
              10.9850289
            ],
            [
              -74.8234282,
              10.9849969
            ],
            [
              -74.8237645,
              10.9849588
            ],
            [
              -74.8243433,
              10.9848698
            ],
            [
              -74.8244332,
              10.9848606
            ],
            [
              -74.8245257,
              10.9848528
            ],
            [
              -74.8253363,
              10.9847924
            ],
            [
              -74.8260416,
              10.9847367
            ],
            [
              -74.8263687,
              10.98472
            ],
            [
              -74.8265434,
              10.9847288
            ],
            [
              -74.8267505,
              10.9847716
            ],
            [
              -74.8269358,
              10.9848332
            ],
            [
              -74.8271809,
              10.9849586
            ],
            [
              -74.8273648,
              10.9851095
            ],
            [
              -74.8275017,
              10.9852658
            ],
            [
              -74.8275995,
              10.9854206
            ],
            [
              -74.8277637,
              10.9857606
            ],
            [
              -74.8278846,
              10.9860335
            ],
            [
              -74.8279896,
              10.9862249
            ],
            [
              -74.8281804,
              10.9864504
            ],
            [
              -74.8283036,
              10.9865539
            ],
            [
              -74.8286009,
              10.9867133
            ],
            [
              -74.8288014,
              10.9867633
            ],
            [
              -74.8289659,
              10.986773
            ],
            [
              -74.8291262,
              10.9867524
            ],
            [
              -74.8293019,
              10.9866971
            ],
            [
              -74.8294743,
              10.9866331
            ],
            [
              -74.8296389,
              10.9865252
            ],
            [
              -74.829785,
              10.9863871
            ],
            [
              -74.8305946,
              10.9853628
            ],
            [
              -74.8315535,
              10.9841241
            ],
            [
              -74.8319242,
              10.983654
            ],
            [
              -74.8322254,
              10.9832588
            ],
            [
              -74.832384,
              10.983127
            ],
            [
              -74.8326625,
              10.9829858
            ],
            [
              -74.8328474,
              10.982949
            ],
            [
              -74.8334345,
              10.9828973
            ],
            [
              -74.8340774,
              10.9828438
            ],
            [
              -74.8345189,
              10.9828046
            ],
            [
              -74.8349015,
              10.9827678
            ],
            [
              -74.8358015,
              10.9826854
            ],
            [
              -74.8359122,
              10.9826761
            ],
            [
              -74.8361637,
              10.9826305
            ],
            [
              -74.8363615,
              10.9826023
            ],
            [
              -74.8365895,
              10.9825694
            ],
            [
              -74.8367263,
              10.9825511
            ],
            [
              -74.8368277,
              10.9825313
            ],
            [
              -74.837033,
              10.9824725
            ],
            [
              -74.8371309,
              10.9824465
            ],
            [
              -74.8376465,
              10.9823094
            ],
            [
              -74.8383018,
              10.9821352
            ],
            [
              -74.8389695,
              10.9819576
            ],
            [
              -74.8398917,
              10.9817124
            ],
            [
              -74.8414641,
              10.9813305
            ],
            [
              -74.8416895,
              10.9812722
            ],
            [
              -74.8418072,
              10.9812418
            ],
            [
              -74.8423,
              10.9811144
            ],
            [
              -74.8428638,
              10.9809711
            ],
            [
              -74.8430974,
              10.9809105
            ],
            [
              -74.8431244,
              10.9809035
            ],
            [
              -74.843422,
              10.9808341
            ],
            [
              -74.8435322,
              10.9808084
            ],
            [
              -74.8436521,
              10.9807805
            ],
            [
              -74.8437911,
              10.9807481
            ],
            [
              -74.8438776,
              10.9807279
            ],
            [
              -74.843964,
              10.9807078
            ],
            [
              -74.8441315,
              10.9806687
            ],
            [
              -74.8444464,
              10.9805953
            ],
            [
              -74.8445255,
              10.980575
            ],
            [
              -74.8454341,
              10.9803415
            ],
            [
              -74.8460975,
              10.9801754
            ],
            [
              -74.8467573,
              10.9799385
            ],
            [
              -74.8471748,
              10.9797507
            ],
            [
              -74.8473555,
              10.9796664
            ],
            [
              -74.8474246,
              10.979631
            ],
            [
              -74.8491441,
              10.9787758
            ],
            [
              -74.849276,
              10.9787056
            ],
            [
              -74.8493498,
              10.9786701
            ],
            [
              -74.8494808,
              10.9786093
            ]
          ]
        ]
      }
    },
    {
      "type": "Feature",
      "properties": {
        "name": "Localidad Riomar",
        "source": "osm",
        "dataset_version": "2026-03-15",
        "source_id": "relation/13466677"
      },
      "geometry": {
        "type": "Polygon",
        "coordinates": [
          [
            [
              -74.8284413,
              11.0383102
            ],
            [
              -74.828069,
              11.0385116
            ],
            [
              -74.8276367,
              11.0387634
            ],
            [
              -74.8275242,
              11.038811
            ],
            [
              -74.8273949,
              11.038841
            ],
            [
              -74.8272227,
              11.0388711
            ],
            [
              -74.8271649,
              11.0388735
            ],
            [
              -74.8272036,
              11.0388204
            ],
            [
              -74.827228,
              11.0387576
            ],
            [
              -74.827235,
              11.0386996
            ],
            [
              -74.8272285,
              11.0386423
            ],
            [
              -74.8272083,
              11.0385865
            ],
            [
              -74.8271773,
              11.0385387
            ],
            [
              -74.8271362,
              11.0384988
            ],
            [
              -74.8270574,
              11.0383351
            ],
            [
              -74.8269917,
              11.0382002
            ],
            [
              -74.8269709,
              11.0381173
            ],
            [
              -74.8269694,
              11.0380444
            ],
            [
              -74.8269608,
              11.0377608
            ],
            [
              -74.8269723,
              11.0376849
            ],
            [
              -74.8269998,
              11.0375708
            ],
            [
              -74.8270532,
              11.0374227
            ],
            [
              -74.8271386,
              11.0372643
            ],
            [
              -74.8272915,
              11.0370722
            ],
            [
              -74.8274393,
              11.0369155
            ],
            [
              -74.8287774,
              11.0356118
            ],
            [
              -74.8292411,
              11.0351148
            ],
            [
              -74.829742,
              11.0345614
            ],
            [
              -74.8299455,
              11.0343307
            ],
            [
              -74.8301227,
              11.0341069
            ],
            [
              -74.830212,
              11.0339212
            ],
            [
              -74.8308405,
              11.0330927
            ],
            [
              -74.8311708,
              11.0326086
            ],
            [
              -74.8313238,
              11.0323892
            ],
            [
              -74.8317724,
              11.0316933
            ],
            [
              -74.8319241,
              11.0314579
            ],
            [
              -74.832005,
              11.0313102
            ],
            [
              -74.83216,
              11.031011
            ],
            [
              -74.8323922,
              11.0305694
            ],
            [
              -74.8330065,
              11.0292774
            ],
            [
              -74.8331107,
              11.0290285
            ],
            [
              -74.8339101,
              11.0271296
            ],
            [
              -74.8343734,
              11.0260292
            ],
            [
              -74.8347896,
              11.0250076
            ],
            [
              -74.8353931,
              11.0235262
            ],
            [
              -74.8359425,
              11.0221715
            ],
            [
              -74.8362404,
              11.0214211
            ],
            [
              -74.8362403,
              11.0213824
            ],
            [
              -74.8364761,
              11.0208242
            ],
            [
              -74.8371088,
              11.0191297
            ],
            [
              -74.8373218,
              11.0186702
            ],
            [
              -74.837697,
              11.0177108
            ],
            [
              -74.8378246,
              11.0173936
            ],
            [
              -74.8380818,
              11.0166717
            ],
            [
              -74.8384856,
              11.0157737
            ],
            [
              -74.8386182,
              11.0154564
            ],
            [
              -74.8386628,
              11.0153192
            ],
            [
              -74.8391529,
              11.0145021
            ],
            [
              -74.8394834,
              11.0137063
            ],
            [
              -74.8398321,
              11.0127558
            ],
            [
              -74.840162,
              11.0119792
            ],
            [
              -74.8403428,
              11.0115585
            ],
            [
              -74.8387335,
              11.0107212
            ],
            [
              -74.8360727,
              11.00931
            ],
            [
              -74.8334334,
              11.0079041
            ],
            [
              -74.8306064,
              11.0064297
            ],
            [
              -74.8299627,
              11.0060953
            ],
            [
              -74.8303156,
              11.0053816
            ],
            [
              -74.8302406,
              11.0053225
            ],
            [
              -74.8300384,
              11.0052161
            ],
            [
              -74.8298478,
              11.0051159
            ],
            [
              -74.8293426,
              11.0048817
            ],
            [
              -74.82911,
              11.0047616
            ],
            [
              -74.8288641,
              11.0045945
            ],
            [
              -74.8286641,
              11.0044327
            ],
            [
              -74.8285565,
              11.0042951
            ],
            [
              -74.8284741,
              11.0042217
            ],
            [
              -74.8283879,
              11.0041604
            ],
            [
              -74.8281336,
              11.0040451
            ],
            [
              -74.8273971,
              11.0038571
            ],
            [
              -74.8265969,
              11.0036211
            ],
            [
              -74.8260429,
              11.0034818
            ],
            [
              -74.8249119,
              11.0031806
            ],
            [
              -74.8246875,
              11.0030883
            ],
            [
              -74.8246579,
              11.0030835
            ],
            [
              -74.8246172,
              11.0030845
            ],
            [
              -74.8244511,
              11.0030885
            ],
            [
              -74.8242245,
              11.0030939
            ],
            [
              -74.8241201,
              11.0030964
            ],
            [
              -74.8239963,
              11.0030994
            ],
            [
              -74.8231362,
              11.0031513
            ],
            [
              -74.8225253,
              11.003158
            ],
            [
              -74.822104,
              11.003145
            ],
            [
              -74.8210161,
              11.0030813
            ],
            [
              -74.8206236,
              11.0030391
            ],
            [
              -74.8201809,
              11.0029529
            ],
            [
              -74.8196551,
              11.0027811
            ],
            [
              -74.8187665,
              11.0024049
            ],
            [
              -74.8183333,
              11.0032893
            ],
            [
              -74.8173769,
              11.005297
            ],
            [
              -74.8173706,
              11.0053103
            ],
            [
              -74.8172042,
              11.0056638
            ],
            [
              -74.8171272,
              11.0058285
            ],
            [
              -74.8170863,
              11.0059168
            ],
            [
              -74.8168216,
              11.0064674
            ],
            [
              -74.8167536,
              11.0065993
            ],
            [
              -74.8169972,
              11.0067147
            ],
            [
              -74.8173146,
              11.0068591
            ],
            [
              -74.8182332,
              11.0073003
            ],
            [
              -74.8182763,
              11.0073228
            ],
            [
              -74.8182295,
              11.0073489
            ],
            [
              -74.8179742,
              11.0074765
            ],
            [
              -74.817341,
              11.0077554
            ],
            [
              -74.8166327,
              11.0083445
            ],
            [
              -74.816321,
              11.0086762
            ],
            [
              -74.8159806,
              11.0090763
            ],
            [
              -74.8154018,
              11.0098591
            ],
            [
              -74.815177,
              11.0101917
            ],
            [
              -74.8137543,
              11.0095746
            ],
            [
              -74.8132199,
              11.0093448
            ],
            [
              -74.8136802,
              11.0089781
            ],
            [
              -74.8139345,
              11.0087716
            ],
            [
              -74.8132347,
              11.0084622
            ],
            [
              -74.8126774,
              11.0082157
            ],
            [
              -74.812086,
              11.0079613
            ],
            [
              -74.8118545,
              11.0083712
            ],
            [
              -74.8116932,
              11.0086843
            ],
            [
              -74.8115635,
              11.0090992
            ],
            [
              -74.8113617,
              11.0097648
            ],
            [
              -74.8111221,
              11.0105761
            ],
            [
              -74.8110252,
              11.0108435
            ],
            [
              -74.8108744,
              11.0111465
            ],
            [
              -74.8105701,
              11.0114714
            ],
            [
              -74.8101934,
              11.0117946
            ],
            [
              -74.8104952,
              11.0118352
            ],
            [
              -74.8107954,
              11.0119465
            ],
            [
              -74.8104649,
              11.0123105
            ],
            [
              -74.8102468,
              11.0125508
            ],
            [
              -74.8100028,
              11.0130881
            ],
            [
              -74.8097702,
              11.0135827
            ],
            [
              -74.8094774,
              11.0141409
            ],
            [
              -74.809086,
              11.0148083
            ],
            [
              -74.8088888,
              11.0152184
            ],
            [
              -74.8087246,
              11.0157468
            ],
            [
              -74.8096779,
              11.0160113
            ],
            [
              -74.8101918,
              11.0161469
            ],
            [
              -74.8110069,
              11.0163513
            ],
            [
              -74.8108509,
              11.0169592
            ],
            [
              -74.8107423,
              11.0173081
            ],
            [
              -74.8105542,
              11.0176158
            ],
            [
              -74.810311,
              11.0179592
            ],
            [
              -74.8099758,
              11.018405
            ],
            [
              -74.8097001,
              11.0187447
            ],
            [
              -74.8092364,
              11.0193057
            ],
            [
              -74.8086976,
              11.0191664
            ],
            [
              -74.8081749,
              11.0190414
            ],
            [
              -74.8079761,
              11.0191015
            ],
            [
              -74.8075165,
              11.0189772
            ],
            [
              -74.8071005,
              11.0194287
            ],
            [
              -74.8067894,
              11.0197248
            ],
            [
              -74.8061124,
              11.0202918
            ],
            [
              -74.8063437,
              11.0206522
            ],
            [
              -74.8058578,
              11.0207974
            ],
            [
              -74.8054504,
              11.020912
            ],
            [
              -74.8052285,
              11.0209653
            ],
            [
              -74.8050301,
              11.0210529
            ],
            [
              -74.8048078,
              11.0212084
            ],
            [
              -74.8045192,
              11.0214601
            ],
            [
              -74.8041008,
              11.0218249
            ],
            [
              -74.8035295,
              11.0222859
            ],
            [
              -74.8029503,
              11.0227374
            ],
            [
              -74.8026873,
              11.023011
            ],
            [
              -74.8025008,
              11.0233305
            ],
            [
              -74.8023113,
              11.0237943
            ],
            [
              -74.8021873,
              11.0240693
            ],
            [
              -74.8019867,
              11.0243458
            ],
            [
              -74.8018593,
              11.0244714
            ],
            [
              -74.801547,
              11.0247573
            ],
            [
              -74.8013617,
              11.0249628
            ],
            [
              -74.8012788,
              11.0251156
            ],
            [
              -74.8012076,
              11.02532
            ],
            [
              -74.801123,
              11.025597
            ],
            [
              -74.8010045,
              11.0259152
            ],
            [
              -74.8008243,
              11.0263028
            ],
            [
              -74.8006091,
              11.0269071
            ],
            [
              -74.8005483,
              11.0270964
            ],
            [
              -74.8003493,
              11.0274628
            ],
            [
              -74.8004746,
              11.0276037
            ],
            [
              -74.8004603,
              11.0276548
            ],
            [
              -74.8004533,
              11.0277155
            ],
            [
              -74.8004914,
              11.0278384
            ],
            [
              -74.8005063,
              11.0279115
            ],
            [
              -74.8005274,
              11.0280134
            ],
            [
              -74.8002938,
              11.0282567
            ],
            [
              -74.8009756,
              11.0288675
            ],
            [
              -74.8013249,
              11.0291532
            ],
            [
              -74.8014234,
              11.0290427
            ],
            [
              -74.801455,
              11.0290217
            ],
            [
              -74.8014842,
              11.029023
            ],
            [
              -74.8015101,
              11.0290393
            ],
            [
              -74.8015571,
              11.0290833
            ],
            [
              -74.8016067,
              11.0291233
            ],
            [
              -74.8016523,
              11.0291736
            ],
            [
              -74.8017341,
              11.0292488
            ],
            [
              -74.8017786,
              11.0293098
            ],
            [
              -74.8018162,
              11.0293791
            ],
            [
              -74.8018829,
              11.0294682
            ],
            [
              -74.8019854,
              11.0294857
            ],
            [
              -74.8020917,
              11.0295253
            ],
            [
              -74.8020921,
              11.0295938
            ],
            [
              -74.8021349,
              11.0296366
            ],
            [
              -74.8021816,
              11.0296509
            ],
            [
              -74.8022189,
              11.0296915
            ],
            [
              -74.8022203,
              11.0297551
            ],
            [
              -74.80225,
              11.0298007
            ],
            [
              -74.802292,
              11.0298267
            ],
            [
              -74.802342,
              11.0298461
            ],
            [
              -74.8024137,
              11.0299018
            ],
            [
              -74.8025015,
              11.0299548
            ],
            [
              -74.8026198,
              11.0299958
            ],
            [
              -74.8029593,
              11.0301539
            ],
            [
              -74.8032153,
              11.0302681
            ],
            [
              -74.8032931,
              11.0302927
            ],
            [
              -74.8033588,
              11.0302917
            ],
            [
              -74.8034069,
              11.0303034
            ],
            [
              -74.803429,
              11.030335
            ],
            [
              -74.8034406,
              11.0303769
            ],
            [
              -74.8034918,
              11.0304424
            ],
            [
              -74.8038837,
              11.0306262
            ],
            [
              -74.8041076,
              11.0307162
            ],
            [
              -74.804321,
              11.030802
            ],
            [
              -74.804563,
              11.0309092
            ],
            [
              -74.8047211,
              11.0309822
            ],
            [
              -74.8048537,
              11.0310565
            ],
            [
              -74.8050196,
              11.031171
            ],
            [
              -74.8052577,
              11.0313657
            ],
            [
              -74.8056854,
              11.0317182
            ],
            [
              -74.8059104,
              11.0318493
            ],
            [
              -74.8060329,
              11.0319122
            ],
            [
              -74.8062671,
              11.0319453
            ],
            [
              -74.8063274,
              11.0319915
            ],
            [
              -74.8064326,
              11.0320775
            ],
            [
              -74.8065651,
              11.0321417
            ],
            [
              -74.8066031,
              11.0320798
            ],
            [
              -74.8071991,
              11.0324903
            ],
            [
              -74.8075172,
              11.0326969
            ],
            [
              -74.808353,
              11.033163
            ],
            [
              -74.8092343,
              11.0336814
            ],
            [
              -74.8102887,
              11.0341466
            ],
            [
              -74.8104998,
              11.0342461
            ],
            [
              -74.8104721,
              11.0343844
            ],
            [
              -74.8109079,
              11.0346194
            ],
            [
              -74.8110711,
              11.0347205
            ],
            [
              -74.8115161,
              11.0351347
            ],
            [
              -74.812275,
              11.0356951
            ],
            [
              -74.8126274,
              11.0360998
            ],
            [
              -74.8134175,
              11.0365413
            ],
            [
              -74.8172388,
              11.0388087
            ],
            [
              -74.8182773,
              11.0394197
            ],
            [
              -74.8195327,
              11.0405655
            ],
            [
              -74.8196998,
              11.0407692
            ],
            [
              -74.8198737,
              11.0411413
            ],
            [
              -74.8205497,
              11.0415862
            ],
            [
              -74.8206927,
              11.0414108
            ],
            [
              -74.8215611,
              11.041843
            ],
            [
              -74.8232899,
              11.0429856
            ],
            [
              -74.8252252,
              11.0437765
            ],
            [
              -74.8254515,
              11.0438917
            ],
            [
              -74.825657,
              11.0440281
            ],
            [
              -74.8258984,
              11.0441565
            ],
            [
              -74.8261371,
              11.0442637
            ],
            [
              -74.8263019,
              11.0443654
            ],
            [
              -74.8266142,
              11.0444644
            ],
            [
              -74.8268226,
              11.0445287
            ],
            [
              -74.8269669,
              11.0446563
            ],
            [
              -74.8270874,
              11.0447219
            ],
            [
              -74.8272423,
              11.0448046
            ],
            [
              -74.8273391,
              11.0449131
            ],
            [
              -74.827451,
              11.0450207
            ],
            [
              -74.8277183,
              11.0451736
            ],
            [
              -74.8278393,
              11.0452383
            ],
            [
              -74.8279439,
              11.0453278
            ],
            [
              -74.8280029,
              11.0453634
            ],
            [
              -74.828086,
              11.0453733
            ],
            [
              -74.8281826,
              11.0453841
            ],
            [
              -74.8299653,
              11.0443007
            ],
            [
              -74.8300132,
              11.0442016
            ],
            [
              -74.8301314,
              11.0441736
            ],
            [
              -74.8302409,
              11.044233
            ],
            [
              -74.8302323,
              11.0443367
            ],
            [
              -74.8303232,
              11.044401
            ],
            [
              -74.8303887,
              11.0443262
            ],
            [
              -74.8305076,
              11.0442883
            ],
            [
              -74.8305636,
              11.0442875
            ],
            [
              -74.8306522,
              11.0443228
            ],
            [
              -74.830691,
              11.0443577
            ],
            [
              -74.8307677,
              11.0443166
            ],
            [
              -74.8308594,
              11.0443413
            ],
            [
              -74.8310351,
              11.0444599
            ],
            [
              -74.8311263,
              11.0444386
            ],
            [
              -74.8312188,
              11.0445277
            ],
            [
              -74.8311371,
              11.0446526
            ],
            [
              -74.8313088,
              11.0447996
            ],
            [
              -74.8314189,
              11.044736
            ],
            [
              -74.8315104,
              11.0446615
            ],
            [
              -74.8315377,
              11.0445494
            ],
            [
              -74.8316231,
              11.0445152
            ],
            [
              -74.8316929,
              11.0444904
            ],
            [
              -74.8317671,
              11.0444242
            ],
            [
              -74.8318491,
              11.0443976
            ],
            [
              -74.8319846,
              11.0443735
            ],
            [
              -74.8321644,
              11.0441867
            ],
            [
              -74.8320745,
              11.0439437
            ],
            [
              -74.8320168,
              11.0438582
            ],
            [
              -74.8319135,
              11.0437674
            ],
            [
              -74.8316816,
              11.0436015
            ],
            [
              -74.8316172,
              11.0435423
            ],
            [
              -74.8314271,
              11.0434285
            ],
            [
              -74.8313818,
              11.0433942
            ],
            [
              -74.83136,
              11.0433692
            ],
            [
              -74.8313463,
              11.0433363
            ],
            [
              -74.8313406,
              11.0432995
            ],
            [
              -74.8313409,
              11.0432679
            ],
            [
              -74.8313379,
              11.0432485
            ],
            [
              -74.8313295,
              11.0432271
            ],
            [
              -74.8313121,
              11.0432106
            ],
            [
              -74.8310747,
              11.0430461
            ],
            [
              -74.8309595,
              11.042885
            ],
            [
              -74.8308823,
              11.0427847
            ],
            [
              -74.8308329,
              11.0427281
            ],
            [
              -74.8307079,
              11.0426013
            ],
            [
              -74.8306071,
              11.0425086
            ],
            [
              -74.8302332,
              11.0422236
            ],
            [
              -74.8298331,
              11.0417837
            ],
            [
              -74.8298242,
              11.0416295
            ],
            [
              -74.8298411,
              11.0414881
            ],
            [
              -74.8298686,
              11.0412955
            ],
            [
              -74.8298936,
              11.0412407
            ],
            [
              -74.8299439,
              11.041209
            ],
            [
              -74.8300184,
              11.041201
            ],
            [
              -74.8300715,
              11.0412232
            ],
            [
              -74.8301602,
              11.0412608
            ],
            [
              -74.8302178,
              11.04114
            ],
            [
              -74.8302665,
              11.0411455
            ],
            [
              -74.8303624,
              11.0411579
            ],
            [
              -74.8304421,
              11.0411482
            ],
            [
              -74.830494,
              11.0411482
            ],
            [
              -74.8305543,
              11.0411732
            ],
            [
              -74.8305842,
              11.0412488
            ],
            [
              -74.8306355,
              11.0413211
            ],
            [
              -74.8306793,
              11.0413696
            ],
            [
              -74.8307512,
              11.0413955
            ],
            [
              -74.8308032,
              11.0413798
            ],
            [
              -74.8308458,
              11.0413533
            ],
            [
              -74.8308723,
              11.0412853
            ],
            [
              -74.8309132,
              11.0412352
            ],
            [
              -74.8309398,
              11.0412055
            ],
            [
              -74.8309034,
              11.0409324
            ],
            [
              -74.8308591,
              11.0407706
            ],
            [
              -74.8308477,
              11.0407191
            ],
            [
              -74.8308198,
              11.0406742
            ],
            [
              -74.8307831,
              11.0406452
            ],
            [
              -74.830738,
              11.0406292
            ],
            [
              -74.8306843,
              11.0406196
            ],
            [
              -74.8305757,
              11.0406062
            ],
            [
              -74.8304664,
              11.0405959
            ],
            [
              -74.8303507,
              11.0405951
            ],
            [
              -74.8302924,
              11.0405886
            ],
            [
              -74.8302266,
              11.0405746
            ],
            [
              -74.8301768,
              11.0405539
            ],
            [
              -74.8301239,
              11.0405279
            ],
            [
              -74.8300567,
              11.0404769
            ],
            [
              -74.8299857,
              11.0404059
            ],
            [
              -74.8299201,
              11.0403384
            ],
            [
              -74.82988,
              11.0402974
            ],
            [
              -74.8298522,
              11.0402691
            ],
            [
              -74.8297582,
              11.040159
            ],
            [
              -74.829746,
              11.0401456
            ],
            [
              -74.8292992,
              11.0396598
            ],
            [
              -74.8291743,
              11.0395239
            ],
            [
              -74.8290323,
              11.0393657
            ],
            [
              -74.828971,
              11.0392863
            ],
            [
              -74.8289208,
              11.0392024
            ],
            [
              -74.8288503,
              11.0390239
            ],
            [
              -74.8287425,
              11.0388185
            ],
            [
              -74.828699,
              11.0387355
            ],
            [
              -74.8285338,
              11.0384631
            ],
            [
              -74.8284795,
              11.0383735
            ],
            [
              -74.8284528,
              11.0383293
            ],
            [
              -74.8284413,
              11.0383102
            ]
          ]
        ]
      }
    }
  ]
}